Symbol,SMA,EMA,MACD,ADX,RSI,ROC,OBV,MFI
A,122.55749481201173,123.12650964490182,4.7020983105064715,16.615533777259742,57.88346910652443,26.68798679456352,-2850100.0,63.6574900569921
AAPL,221.92627906799316,229.23093687611367,6.293902329666878,22.283017919889588,58.698436718254264,26.092370383711263,852843300.0,70.62500371521213
ABBV,193.6098038482666,205.85320524533904,5.828600461866159,26.839681833349662,59.57169060555554,24.435785751676597,55866400.0,56.908616505642506
ABNB,129.75497554779054,127.29478007916288,-1.5515255519690925,11.996718603586697,46.149884549353935,-7.305966631727545,54822100.0,35.17331322004681
ABT,129.07498413085938,131.32851127435586,0.3585322293294553,7.2594198745075476,51.768533769258084,0.2533356084615912,172680800.0,50.50244797815048
ACGL,91.41329998016357,90.81654311465341,0.5618334075650608,10.904023642847786,50.633313384006925,-4.196523763381455,-17872400.0,57.59267342751764
ACN,303.17471717834474,268.7976140742958,0.08625269881343911,24.043301274996914,44.43158302927029,-19.451608281570188,-29024000.0,44.47223338245926
ADBE,390.7291995239258,368.1414602442159,-2.0223693119662585,15.495784932778859,45.38646538977812,-13.864648865149299,-83019200.0,53.13034259501783
ADI,220.73370933532715,234.46730972576978,-1.465520091877437,11.995148697176006,51.54589023367701,11.352117508927972,-14888500.0,46.05123283123507
ADM,51.52428970336914,56.9989916267689,0.3157116691057169,16.23623680765739,56.05221630304717,28.55708786768578,-83323200.0,44.609616626480374
ADP,299.76952896118166,298.30954791967173,-1.9700238971301474,29.264143055429304,45.74194577869353,-11.35332592848155,17021900.0,52.994320272673804
ADSK,292.29740005493164,304.24789024132593,0.9946303744196143,16.399211033811046,52.11122452483106,5.100588315548804,-620800.0,66.26964981470638
AEE,96.50778617858887,99.02875523107635,1.1230963237112945,11.232560062071851,55.375205962472066,7.576027413033248,44351000.0,50.481865688533546
AEP,103.7145456314087,108.17293848713102,2.006214835537193,15.723337690084717,58.76628037951055,14.241029822448702,95772400.0,56.2106284020636
AES,11.680363221168518,12.740086317926904,0.4255715581157631,13.194084124526553,55.97612708342725,45.06532508339636,-35720200.0,57.11509444208161
AFL,104.65806018829346,106.26862729190542,1.458561655388479,15.330457314187447,54.598105409003395,7.684505923940588,59245500.0,50.22463547401442
AIG,79.35012107849121,79.98382839123424,1.0954730700092483,18.69641438213281,53.51349098547582,-1.9358684213982569,17316000.0,55.031771739945945
AIZ,202.38472328186035,205.99170807464085,2.5895441143149753,20.787327530055503,55.242287517115166,7.784870828733559,10877600.0,59.627753456773966
AJG,313.0755790710449,306.1995057200643,2.3071423711101033,13.399013700675775,48.668550899730874,-12.977861042095974,3320900.0,56.270731491164085
AKAM,81.73729991912842,78.081566891875,-0.05345701787774715,6.677135194101891,47.21642345214227,-0.879609012802196,-11010900.0,37.73804817091164
ALB,72.9160500907898,77.04308112984951,3.656479612910715,17.793955269314058,57.82988491238572,77.26737196904799,32667900.0,63.81139094979479
ALGN,175.72315029144286,154.79564588261493,-2.4561884873318434,27.80885129425976,42.943874360436425,-26.12738828349602,-29585500.0,39.46593773121306
ALL,197.39177001953124,202.36384183640843,2.150636119507624,10.595679407926644,52.897694869000034,-0.7547896335025839,10083100.0,59.42147200180856
ALLE,144.43549873352052,161.77857251730217,1.6392890900306156,36.28867269716881,58.74067710728321,26.316368244750056,22829400.0,63.38813904192786
AMAT,170.3794436645508,181.54763497231286,12.106136550271373,20.412197120619798,59.5681726859618,40.47904764934991,-26970300.0,69.9049091801506
AMCR,9.201872673034668,8.799306058681822,-0.15468976852693217,21.33743217610462,40.510222690019305,-13.399774054164693,-846757600.0,30.69865639357654
AMD,129.97609985351562,155.83688080328724,14.261086084062782,17.45785765148762,67.37205601416683,103.16671462077025,910688600.0,74.34825045533105
AME,179.03756896972655,182.52867855438322,-0.7249372773181051,13.313723391238222,51.01743120547513,4.314025279735922,-382700.0,41.77851447340394
AMGN,285.20094993591306,286.7446325921434,3.1743360867503725,10.05476848815752,51.836011316275666,3.243527449416206,51623900.0,60.07089278696894
AMP,508.22089721679686,504.6465028953491,-2.650300447837992,10.564893004290688,47.95680707336218,-3.3672453854921014,8334400.0,37.73062132587003
AMT,202.175659866333,202.09327067879585,-3.323221128885791,17.279425628731886,42.85579717124076,-11.996159030958175,26347500.0,38.655802324411766
AMZN,214.52245025634767,220.80686742118792,-1.2299139140635589,10.63027111816841,52.684657225721374,10.205667660093987,624939700.0,46.028973486088724
ANET,107.6464994430542,125.7616430004496,3.9400485385702098,17.978118112904443,61.019996282134734,76.24192234231424,365550000.0,64.81600149525882
AON,367.3855793762207,362.8237627003145,-0.08898638037112505,9.539818004582058,49.37153240579062,-3.9832942499452906,4348300.0,49.77697791736377
AOS,67.88152128219605,70.457167271718,-0.22386645268687744,22.554095130724892,49.02908488494514,11.19875681369329,-35836700.0,47.022068942558995
APA,20.0074023103714,21.357699237409246,0.5825286962616723,23.909894804811717,54.4031959915391,38.38627839187201,66824000.0,55.17185227862825
APD,285.94981575012207,282.553573387891,-5.330334625347916,10.63815656193954,43.929200406182126,-4.508567736281776,16299300.0,34.63098441837476
APH,87.52413669586181,106.23435401392342,2.988909058727401,21.25741895017411,65.63806456035141,40.16017444130622,275644800.0,61.747240180517394
APO,142.16021976470947,137.9591341578919,-3.6179064020251985,11.393280002523513,44.37598074144003,-5.000262248131793,83146100.0,53.6699839603089
APP,385.89310050964355,477.6020980383433,29.39211554116787,26.408443910771762,58.467154049643334,49.36677411715162,319865100.0,75.99042848781795
APTV,67.45770009994507,75.2585631829197,1.55665933819148,27.18177436507801,56.97856586874861,26.661554699952173,-56529200.0,57.37793225032568
ARE,81.57146595001221,79.56689802482107,-0.9071334021707997,15.463446004132487,45.80938046499302,10.628662083073937,3197600.0,47.38147860942877
ATO,153.24100456237792,161.08472415701348,2.780679383763953,14.644572091757079,60.85700532961508,13.708910967688182,34267800.0,57.341397641076156
AVB,201.62624862670899,194.7716293335077,-1.1184039812031017,6.982193910889342,45.584702782278924,-8.68193899316606,-6427800.0,46.63282916998476
AVGO,248.19205032348634,294.7606995811335,4.707555265106066,22.933487236065936,59.92827476591096,39.288567975191356,764732200.0,44.45170876129866
AVY,175.32567420959472,170.7789397280952,-1.8510238987203707,14.362330770790425,44.19754381195955,-7.731657028791061,-13632100.0,40.30467164728553
AWK,137.2876421737671,139.86054367601113,0.014851500804269335,7.441283326232916,50.80125281888442,-0.3953110487105227,1165600.0,54.50728641871208
AXON,676.1675999450683,730.4736958308152,-8.908240451776805,10.291492359520214,51.08668015417427,-3.2337199019247143,33171700.0,56.757164670809516
AXP,298.8501200866699,314.0420006033085,0.8380027262791145,14.084389432749465,53.47827846158113,10.134132366283577,8159700.0,50.900960189610075
AZO,3719.6562438964843,3967.956256870993,-17.704178737461007,18.743805853357255,50.94134860285811,5.7994929691100205,3287100.0,39.55202567683443
BA,196.5334499359131,214.65631217180356,-1.2727110250792748,13.0693483372449,51.376990243010134,2.1421472327742164,271916600.0,39.23709044937147
BAC,44.90048801422119,47.85434631386227,0.1105543781175129,13.76751852009719,55.14187557752484,14.251323236930723,887250600.0,55.82123127476129
BALL,52.586715908050536,52.454418824453114,-0.7291092275965596,23.03100792001899,42.60549786076159,-8.049493684093733,-48067300.0,31.185295551174587
BAX,28.84669116973877,25.861414426589842,-0.32936157715390024,19.722671918820826,42.59348955696065,-23.289566453678955,-65176000.0,34.43070781064797
BBY,72.63151611328125,72.23626198508394,0.8573888304444353,15.137079949867713,51.934511719961016,13.1670864098689,-8586600.0,48.917539587486026
BDX,198.59846611022948,188.37951959050548,0.9339891495792187,9.936419482480495,49.731893609621316,12.901077929465043,-45725300.0,43.62508421085916
BEN,21.26964862823486,23.21691344479701,-0.2570914774826747,12.957846385903185,52.23335315632962,14.033232296093146,21044400.0,42.067673507885644
BF-B,31.256071519851684,29.43973833867743,-0.22474455729053133,6.912348990363992,45.13868317217627,-16.205969915414464,-75239900.0,31.386774217577916
BG,77.14585636138916,80.24824837615309,0.36294460085704827,7.559116156559254,50.73695464334771,4.609241718541379,-33648000.0,48.603391059494506
BIIB,135.39535011291503,138.15636721331657,3.659012061340519,15.46626855477329,54.116823763255454,14.08418583701858,-18296300.0,47.763475147244904
BK,90.03648181915283,99.31301333322669,0.5601705731620825,17.91496077278383,59.293025831245004,20.68928629675002,168981500.0,59.36837497480036
BKNG,5155.095170898438,5409.708423216611,-77.63912852342219,8.75816952609666,47.67559259504565,-5.940930991741822,5001000.0,44.23469207938975
BKR,41.999362277984616,44.00888159440615,0.7495885187090678,24.62759206840744,56.745668086052625,29.00079348263247,110654500.0,57.308023710193936
BLDR,131.48299938201905,130.43189943844718,-2.0163144022531867,9.275526303948586,48.848571108614216,20.950492718200287,-18817100.0,31.935537567651856
BLK,1013.6726431274415,1087.609060738588,12.98716780175755,14.829754861543892,57.59644031449782,20.55921520175663,8725500.0,49.745406192603916
BMY,49.87365642547607,46.64364955835396,-0.29755462931538545,8.82946309548388,46.8518312064098,-5.940852549285591,210980400.0,40.22570972849136
BR,238.53234016418457,243.28493631583947,-4.041312388833774,14.297489738283172,46.72124255278138,-2.678760753389131,3397000.0,28.014546732275193
BRK-B,491.6743994140625,491.24825464907013,2.3591920702394873,12.434054325622542,51.454314361251875,-1.2072169116946418,29880600.0,52.76067358381976
BRO,106.22714580535889,99.39102815726136,0.14377306250456456,23.84433463931668,45.778847371221026,-15.651315424617874,1101800.0,48.63453484395069
BSX,101.24940017700196,101.4453040783673,-1.7731233045100794,16.88732973963535,46.251806141194294,-6.61418787631548,19908600.0,39.81699419978147
BX,156.5723773574829,165.3093080945189,-3.128907729267212,14.869243446578658,49.23665785466954,16.43755231106525,-70804700.0,51.954339106556006
BXP,67.90295394897461,70.58593094773907,0.3376852464760276,10.768328540800178,50.96810345671238,8.248311389526798,-16718700.0,39.515061407433215
C,80.81668937683105,90.79261066969804,-0.017639699772132644,16.511625014760995,55.8248346623351,27.375776100182136,521536900.0,61.840601573343214
CAG,22.247657260894776,20.016605947483445,-0.07248499079197401,20.005478081050178,43.56680040719521,-17.22209510713697,-239917500.0,48.46473648928424
CAH,142.42868412017822,150.83802167561507,1.719981517961287,19.41430381700604,53.95522446309676,1.903191070900312,82674500.0,61.645247627323265
CARR,66.95433052062988,65.78890780137912,-1.409291626941318,24.227081748507274,42.175092100574716,-17.157956663527163,-95505400.0,33.83606618395108
CAT,375.1576168823242,420.14499952797837,17.436604201296063,27.56892823846651,64.85241099181134,45.70252623206854,30694600.0,76.15760322646801
CB,279.475945892334,279.07430926671043,2.820419352833767,10.803348596787762,51.92634097353779,-4.882282582240682,4146000.0,54.79419456712948
CBOE,222.90114051818847,235.11548511073033,0.5471274288347558,10.545785926129374,52.631977689661255,4.184334882541663,5847000.0,55.16159600657636
CBRE,139.44335006713868,150.18657411404678,-2.0007037570596538,19.888520148894923,52.229574359811316,22.398851719749846,34165400.0,37.15558504042523
CCI,96.2925197982788,98.1970659297672,-0.34170357681234975,12.23914346460726,48.53996651428425,-1.1329194047822733,35540900.0,62.47105436606263
CCL,25.331300067901612,28.312753336205013,-0.5863004298258474,14.963378803617253,51.41022817878359,20.858112389338945,343765300.0,31.406885985828275
CDNS,306.52239990234375,334.358054716492,-0.6124068234959168,16.02147959950891,53.21207557008495,19.191199153148418,33271600.0,52.646606477419944
CDW,172.1905616760254,167.841997990434,-2.895785025765548,10.882083753587883,43.50893497007442,-12.81746134689219,7197300.0,46.05355414987553
CEG,285.82420166015623,315.6204398448045,13.208208760029152,16.297244544627446,59.65053108504712,22.417137976821657,44963200.0,62.109270798741555
CF,85.48758892059327,87.75975192526188,1.0409798270659678,11.173346855715293,50.677792922801125,-4.127515310405627,47610700.0,55.920172181211704
CFG,44.36223394393921,48.38619565472015,0.46640011008079796,25.128671499754613,56.67569439859269,30.557032372696202,129624000.0,49.05676923807541
CHD,99.003390083313,93.84575366928598,-1.110931123162871,11.669920455108905,43.85713418652407,-11.247953634678654,36749800.0,46.831659973116594
CHRW,104.26720054626465,116.91665654089,1.7988467744256127,35.30180829724699,59.03116272801465,35.637222824735694,12779200.0,44.66134306861128
CHTR,344.4837487792969,308.2941455177184,0.2560075873823848,22.28855193725995,42.32053811496108,-32.87400556780761,-24322300.0,46.956622552840535
CI,302.86736038208005,300.23828392575746,2.5605889850239123,10.15649451397553,50.84947472216168,-1.8514177203993731,3593100.0,56.18507201208912
CINF,144.41437377929688,151.26990273694477,3.0060205865887326,17.06060784669329,56.624316762329265,7.892145936543393,8682400.0,64.85234659462137
CL,87.78746982574462,84.89825919459945,-1.5150622583132076,12.150341678433888,41.761119676216914,-14.85198194934606,-72337700.0,28.007198811170408
CLX,135.02846004486085,125.99187093404568,-0.668840589109891,14.457592074357489,45.65288145393212,-6.958409119787124,-11404200.0,44.611146105323165
CMCSA,33.98971508026123,33.04082816892598,-0.5939274477171637,18.481812238090697,42.14130532139446,-10.638098585028988,-20735200.0,35.26270775193657
CME,260.7339224243164,266.8708669680234,-0.1877224730642979,10.515721596871327,51.276605956750174,-6.6551529315626805,84151200.0,50.49673945324024
CMG,50.063650093078614,45.20765312749176,-0.16514479527453574,26.201658831008352,43.48996044091313,-17.957465360229808,-434506800.0,43.26943598731869
CMI,349.01642578125,380.33913263646446,8.842181165856914,34.61418753569572,60.42530250326952,35.18657193723151,23347300.0,67.56927877925075
CMS,70.17141357421875,71.33136843287123,0.45845942694390374,7.493089765470852,53.26449861011806,5.123620690787378,56491700.0,52.21648094946394
CNC,49.4085500049591,38.201217258057625,1.9814140126704345,23.777302315721045,47.67478891662228,-31.10544174798864,-81464300.0,66.49735856296647
CNP,35.80949568748474,37.41786951768286,0.35291886627420865,11.262263991382218,55.6058639243244,5.032765458815791,148257400.0,60.55210264630343
COF,197.4937763977051,211.07551155576212,-2.51649485868478,15.121101779801732,50.93750179234472,10.36953062336272,96361000.0,30.512262621783176
COIN,276.13740036010745,317.3943691533541,16.69545486198996,12.784746109263489,57.714324698571296,56.8579758776061,250998400.0,70.26548859833403
COO,78.9506499862671,72.45223419514092,0.19676556862836492,15.311913239020873,47.00642104971188,4.104477611940305,-2924900.0,46.903550639003825
COP,93.57689872741699,93.79727027208946,-0.16103829409188108,9.391936479905187,48.63113573098179,6.905608005703967,-64121400.0,39.59823767135445
COR,276.81469650268554,292.27309692508385,4.398740210492349,7.976928125318608,56.47334681266937,7.750532074757088,21028100.0,64.19262123526165
COST,970.7414556884765,957.1226006567967,-9.817033146606377,9.223370059021525,48.45714510152366,-10.659380455361989,-10150900.0,37.78908468760594
CPAY,333.5946507263184,316.57832160605057,-6.495479679006394,10.59236743074025,44.59232943018757,-9.693545040123785,-1812600.0,37.52384409088184
CPB,34.69521017074585,32.77381564222843,-0.4825479966970434,10.90161910095034,43.880153865049074,-10.560778387065838,-176188500.0,52.750512905114434
CPRT,52.919350147247314,48.64226931610533,-0.8156466718811899,20.006821405130847,41.64727669128859,-13.307083509957074,-64270600.0,26.515649499558315
CPT,111.79530643463134,109.00141183317827,-1.3423397609713703,9.500735829625397,43.998889189592916,-11.810500173125327,-4207900.0,39.775215439185246
CRL,155.01969997406005,157.6613778324054,4.283545614997593,11.44617031281337,53.923976101681724,27.473347117920376,-4939500.0,50.4275561508978
CRM,276.32497123718264,255.50922145834724,-1.4831153603327039,16.0161631792642,47.25789500193819,-5.914337407817339,38875900.0,53.2229158411087
CRWD,424.1876745605469,451.5015210746091,15.58025014483718,14.568032940935815,56.53482487183583,6.252476285141428,22476700.0,64.7263867027427
CSCO,63.05923927307129,66.21173130186601,0.5419315656015158,17.508261789429447,56.09872999454417,10.89379048143786,480093700.0,57.332492806081326
CSGP,80.6321000289917,84.77305220653894,-2.2585880518238497,12.369932609422627,44.8498556532049,5.814115369737216,24597300.0,26.70745946548825
CSX,31.96252438545227,33.46947911782585,0.7147083622868351,19.153926157542855,56.40476635350215,15.85808691822872,27350200.0,60.272574962153115
CTAS,207.71646278381348,209.8465427840937,-2.8138668710367085,17.33119855046196,41.89466466593388,-15.24081597690028,11094300.0,27.939017895197736
CTRA,25.27835750579834,24.28393723580701,-0.030815604143796804,6.653587586299817,47.9833035209401,-4.9580635139524265,88804600.0,41.56246031220385
CTSH,75.96266372680664,72.22439394793098,-0.6817828480865273,21.34223446977269,45.56706462266342,-14.14575607269235,47046600.0,54.476602878074296
CTVA,66.35212476730347,69.31626811115488,-2.2978276315030826,16.46131779867677,43.61316162222779,-11.342325828568411,3606800.0,43.9171330029923
CVS,63.68106977462769,69.17671199399891,1.4525967721471176,21.28366341713382,58.27234252262069,21.976312974954837,117825500.0,59.350394937799386
CVX,148.10303436279298,151.94619822674898,-0.8159516671473739,19.377782374178892,50.272779558128846,11.236264314371969,118562300.0,46.15451296371549
D,55.48022853851318,58.27552344251176,0.36604902331664135,12.021915962909453,54.03998730850138,7.367575173731145,111828400.0,46.94110529626449
DAL,54.190056819915775,55.82930023020299,-0.31896710291061936,12.119823608041107,53.84092108557621,23.257053160645214,10117100.0,46.984557794294425
DASH,214.43152526855468,243.1831859682367,6.290071173605725,15.375955384836578,58.30332538958913,29.442178265887577,115263900.0,64.1770482817864
DAY,61.959249877929686,63.80637393790406,0.6745016100466046,24.03746333899876,55.95157977924966,17.67129861192318,51010900.0,32.81022347161666
DD,72.68353717803956,74.4986548285443,0.8185003475392421,21.431757292503324,53.03164382697173,18.422042891562572,-25144600.0,65.56031752536595
DDOG,126.84847534179687,135.23817903500822,6.552707912298132,19.928721331431323,59.793454780461765,39.34942271194459,-53015900.0,67.02206870088236
DE,477.83921829223635,480.7063564725099,-5.855924225089041,18.750183860398643,46.26909397340202,-9.565483616074722,-11165500.0,34.317713261976536
DECK,128.48485023498534,112.74248223204803,-3.647103516090283,11.38570916556493,44.541657616207864,-5.866111357771375,-36828600.0,35.93404594438479
DELL,113.69593307495117,127.38200391565017,6.781870969248473,14.144515265189169,59.23333753411285,44.881083084844065,-71738700.0,65.92437560057607
DG,93.61458503723145,103.32851749913841,-2.5038898863965358,18.937535033437467,47.81347653654306,2.678805214511315,10020300.0,31.775075195048046
DGX,170.00468528747558,176.60330502611586,0.27664812627369884,15.783039978385382,53.09010525223471,4.973349802992644,23143400.0,52.637577259527426
DHI,138.9369275665283,154.497221929461,-1.6799327731040705,26.80666921532558,49.47726713929478,29.85207274258801,-16758600.0,42.32916224746236
DHR,204.01295936584472,200.48823795063888,2.8754571574509953,12.633713641033244,50.63886029483605,8.422088498851599,-26289500.0,45.59060429184398
DIS,109.70068477630615,113.93518807547241,-1.227164305526287,11.516588663551415,48.54360034767043,-1.3162374504950836,34687600.0,29.205686905352508
DLR,164.4662338256836,169.18959103462063,1.693025378998101,11.697752177541194,53.58539958119416,2.8709367210811187,-2692900.0,54.39654452752099
DLTR,88.16555011749267,97.77562169537063,-4.243831584705504,27.932219964574564,45.816657371428356,-2.433144753047678,37436900.0,34.758843561830815
DOC,18.21031145095825,18.049740815345686,0.2892316735355678,17.135433506462604,51.77360787981955,8.425685005631944,-49003600.0,57.51590840848634
DOV,180.60390586853026,176.1129797619676,-3.12827648600026,8.309871365616823,43.28039808292757,-7.561277792252641,-22704000.0,35.67179783396511
DOW,29.716922683715822,25.74136176704326,-0.35965323217422807,10.868999558298924,42.75058294579232,-17.650461238068726,-332687300.0,41.57416881940512
DPZ,453.02964523315427,447.4208110499153,-9.166472957610551,13.647888802550328,43.14749019780098,-12.345039665595458,-13442400.0,23.663634800041667
DRI,199.73324516296387,201.32985011247234,-4.084993051652162,14.722254506556567,44.15269969085641,-13.3057185173596,25170400.0,49.05622723133944
DTE,131.1006407546997,135.49420230506604,1.3429264720664094,9.732680387519865,54.28220413464287,4.678712276505315,73750300.0,59.07539088492384
DUK,116.24246868133545,120.15251477227106,0.7864699998055897,12.220911782525725,54.86176680632424,7.300255870518058,40070000.0,43.03117625213868
DVA,144.88315006256104,137.24026546373403,-1.6004991208386627,11.84412240433882,44.48592499817614,-5.974262472961367,-11907200.0,44.1997452090503
DVN,33.31659610748291,33.929026066900484,0.08445457398944711,15.239930486949772,50.39403038787853,11.856969497312031,-30664400.0,50.507826096553046
DXCM,79.22484994888306,76.52476584005458,-2.643436285096172,17.65442474922122,44.33791754394186,-20.383580715396466,-33876000.0,28.704473096625826
EA,151.23335731506347,167.85694045820202,8.54495789160103,26.025812426807324,64.99194231790017,37.284709856547416,92806400.0,49.369176891821866
EBAY,75.23633367538451,85.21595418095777,-0.08119663089361495,21.379503705717596,54.64213022273158,21.310267903902425,17670100.0,49.18694115320387
ECL,258.2095629119873,267.8757600321595,1.4616205185624835,8.662115838233436,52.00204949550474,3.286860791478907,24397900.0,52.39868231322175
ED,99.73545471191406,100.00424879310167,0.37686566751544603,8.226027425590898,50.6066278303493,-2.1440955197420397,-3025400.0,62.211635530215716
EFX,251.28461112976075,250.73090938172015,-3.82909189101062,10.309813647936846,45.80448350256424,-10.590847931811142,-13097200.0,51.89426824491265
EG,344.483094329834,343.129783738338,5.044307937478322,12.423152692057165,51.72864113174398,0.008528680312092085,-1553100.0,69.32117437089666
EIX,54.423988552093505,54.18106711015022,-0.12837358190133585,7.855457362151615,48.461868232210264,-1.232592150849099,-32815000.0,45.676887565491
EL,75.4138193511963,83.9795050112459,1.0949572345559915,11.431331554702764,55.35587664649837,41.5302546348989,-10591300.0,47.22896852685857
ELV,366.62927795410155,335.6818921102813,12.23561177278549,14.186730608579524,52.137912404469176,-4.078619017687313,-2094600.0,68.10431961581304
EME,499.9861671447754,583.4582873016371,15.327121709279709,18.88654826167304,61.73040119219828,45.061409142909305,25043600.0,35.802934362551404
EMN,78.73115114212037,70.33905564501359,-1.181194072885738,15.994381004731904,42.19505160308914,-20.543883606028256,-48919100.0,35.94564218777658
EMR,123.6496586227417,130.4326236891308,-0.20948663575885007,14.792042953334857,51.408598841107036,11.096146410619934,52497400.0,56.741497666964655
EOG,119.0789973449707,117.39519473024741,-2.2738026320156735,7.036017923572838,46.32116072309463,1.3527422163587488,-8441800.0,43.37978213600769
EPAM,184.24885009765626,165.96890758334402,-2.9881717393895713,9.89438958406548,45.05131106172243,-11.75401737398014,12864100.0,44.920162900279045
EQIX,835.5813052368164,800.7489652228853,3.419526222423883,13.769971165015107,50.455859746587606,-8.672602999409506,1440200.0,57.48198451415701
EQR,66.76175733566284,65.18641174976133,-0.578025618559515,9.1805601910389,45.45059457790936,-9.52228399720899,1879500.0,44.7603672458559
EQT,52.26939151763916,52.887321299926114,1.2856337211978683,12.912527763002787,52.62135924416872,-2.773763719065203,212416500.0,60.32908718735369
ERIE,370.52900985717775,345.8695158716487,-4.666591812326544,15.431282257146478,44.06037700754563,-10.16745860929843,2226900.0,37.873410539359206
ES,61.36313869476319,65.04112766078451,2.27246411098173,15.594926807404947,59.541720019399634,12.77391344758776,133204200.0,75.6722820622842
ESS,275.2822583007812,268.61022139112447,-0.5307643270092512,7.407446090320204,46.95346096423621,-7.274675840140454,5948300.0,60.472147638532206
ETN,328.6979981994629,353.53329145113366,4.361316237332915,9.608703238652572,55.14388750410962,18.637800650869487,9783200.0,62.46978020011841
ETR,83.65732028961182,87.48173145068763,2.011989215426979,21.477873962025036,59.30280802651029,15.775111247744643,118888500.0,53.24370203803669
EVRG,67.10089975357056,70.67922240786552,1.5354859012325335,14.431994545031271,60.95369100523623,16.395164347659154,112277200.0,65.46323810315447
EW,74.88994998931885,76.81856439239061,-0.5599242048454158,12.781329569525566,48.49269804833647,-3.725987310587575,18167200.0,41.36710176298398
EXC,42.76234197616577,43.76512797671934,0.706207253580871,9.958822430672354,57.4015036453519,7.502842335292215,124138000.0,56.49730968116254
EXE,103.39722202301026,102.32581899035458,2.759486839177356,16.017408732381597,52.537707941698486,-9.79513296716762,38166600.0,66.96302236944736
EXPD,115.01309295654296,118.48024873511396,-0.10002301737975472,12.977727440906481,48.737191219615255,4.504992516387829,-17926700.0,39.0123605696669
EXPE,182.7785038757324,198.42505592686484,1.2130364368218522,27.971685725377466,56.20273857749041,29.93925378340123,36504100.0,48.43413645342298
EXR,143.85730644226075,142.68150576965317,0.3011468669980104,9.004677906093143,49.84692093164229,-4.401263259674448,-1565000.0,50.218149263135125
F,10.319170985221863,11.236119404683917,0.10824502258704527,19.451241606556014,52.24235607842623,16.777879784468897,932116200.0,46.8819914521361
FANG,145.90544372558594,143.3043335218311,1.5817891933923818,8.1233046618459,49.88228659848713,5.565550699282151,24718100.0,46.28110666588101
FAST,41.644462242126465,45.777094888006864,-0.1684704729642803,14.99184226733997,53.20037391159015,14.71672298161366,106728000.0,39.12796271548636
FCX,39.752570686340334,41.87595188231614,-0.6338289875243319,11.688823843654076,51.390941014854164,8.226256121858256,-20089800.0,52.39995770453459
FDS,419.57368560791014,372.89308062979813,-21.427721971515098,45.77643066570964,33.56066662568673,-37.8151655412662,-8378300.0,27.965177413623437
FDX,234.9347702026367,231.23065983487058,3.549345910145149,14.493670161072352,51.68491305955277,10.174258261775538,-4957500.0,52.95473331446872
FE,40.83157909393311,42.76883990047157,0.871439440932356,25.481387921431413,61.75797715990573,13.621765879126247,70607600.0,66.25651014630056
FFIV,290.2164013671875,308.6152655412445,4.4648985805935695,22.768021792276304,59.64737470114577,19.694433694685287,21101000.0,66.50190928925093
FI,179.43399990081787,149.1402696420212,-2.8266838557667455,39.873635619585535,38.51542733742787,-22.246914145387255,-38708700.0,29.606758925033677
FICO,1752.2000518798827,1626.84521237172,71.87391978042024,20.203887772409033,51.645839134875985,-2.2588167671734993,-497800.0,65.41697725166513
FIS,74.5026382637024,71.97786190022819,-0.2639828494242522,19.614867214696226,45.96486787120917,-12.363976860270009,-21825200.0,54.66209168590394
FITB,40.61642660140991,42.58788265367139,-0.12260118182672386,14.238561280168142,53.40252303280938,17.06034224128208,-46460800.0,34.63905402013487
FOX,50.15250778198242,52.222734368309155,0.20905412353159392,13.18169713618861,51.23285718991774,4.639061830229996,38197500.0,61.15168364613629
FOXA,54.326096782684324,57.28279953177776,0.4532204815810985,14.764827204221978,52.458193031790735,7.256522215059769,111885200.0,67.16852239253436
FRT,96.53856327056884,96.53759062282158,0.09085194393828999,12.142591188670204,50.69156181075576,4.15662855565051,-2912800.0,47.28174499236354
FSLR,168.46610027313233,191.88640604469236,8.315999846312394,20.800378300918165,59.01529936234451,56.56532750267091,15840500.0,73.10324318517549
FTNT,96.62510005950928,89.54252760251362,0.9816580672277695,17.278712820191807,47.69233584706387,-15.887575471217662,86424500.0,66.04043041096661
FTV,53.2377374458313,50.21845316680318,0.3630478635559058,10.42296171425787,47.89206257926414,-6.774292304169882,-70870819.0,43.02775587875414
GD,283.9027719116211,310.9872793710762,6.453605106974578,29.449948184710728,63.56015893005903,24.960387648111038,16180000.0,56.83729054741819
GDDY,174.03549995422364,155.90796976089797,-3.537520803111022,32.5529213247168,40.324734789435425,-26.511782463162515,12667100.0,44.65287238914041
GE,230.38183044433595,265.7800460498713,5.52304268056389,21.52512223658983,61.15996561556677,21.28393719042947,208003500.0,50.19948708705759
GEHC,76.5975140953064,74.68683212197739,0.07499890556688626,8.631357315222896,49.21275566106882,5.8501112397583155,-18975800.0,58.3659694314252
GEN,28.0287504196167,28.96690457015487,-0.6288057429491722,12.942033779087664,45.10997398120072,-4.274211823185647,11134700.0,34.54672227032549
GEV,460.5632083129883,562.5791583902231,0.5881644427820447,12.949204997998184,57.31668248661263,30.79110021228628,100823100.0,39.2338049908059
GILD,106.29589813232423,110.99201873152501,0.5693812845853756,10.495300483630501,54.08517826110268,8.700172455779963,285793600.0,55.030683734958366
GIS,54.429670391082766,51.424337078115435,0.029565157170793555,7.066617896428207,45.42963196956942,-7.993055458477539,-86154900.0,53.76316573675061
GL,125.85000988006591,133.29704635388543,-0.9531298463640496,17.844744064383736,52.72056380193205,12.092828700940196,20821700.0,55.59884759301795
GLW,54.49178491592407,65.65728724412375,4.072387123587134,50.840872080976006,74.02494803743306,74.9512874682343,273760000.0,82.42868869436461
GM,50.997105808258056,54.914657102013585,-0.012056021594808897,17.223360983018623,52.29162161579936,17.934935947950304,86963300.0,43.94992533546292
GNRC,148.24610012054444,165.79663743848477,-3.6054567078935804,19.303538912605873,52.549222304817654,42.506630502931664,12333900.0,41.07692509513321
GOOG,188.53820831298827,210.78961253750668,5.202509939573446,33.028260355586895,62.28202958282781,42.46517053844174,567652500.0,66.57677326101931
GOOGL,187.2102013397217,209.89603099911218,5.104084046502692,32.74309974843964,62.25502504046918,43.19273395644705,812349600.0,65.7191004841738
GPC,123.60763080596924,131.62631163756433,-0.5201049673996465,19.664511220669826,50.4131088040029,4.137087512573445,6512900.0,52.20923312839303
GPN,89.35804656982423,85.2972398883612,0.536356791468279,12.079308416777645,51.198888828482026,17.090221875784863,-1084100.0,59.43112889934439
GRMN,215.03239395141603,228.22812643783726,6.412436719794073,20.063497949561963,60.112542262598936,27.428875516803796,31171200.0,54.32183911359879
GS,639.8239465332031,715.3098960079615,7.549411633159252,25.581299577390872,58.73598750465977,30.968620493018694,61476400.0,50.172152885759814
GWW,1021.4765844726562,1004.4022549159007,-9.919018244864219,16.43367394509813,47.016111189167944,-9.642295370074693,89600.0,45.552552658231264
HAL,22.94509388923645,22.556201272612743,0.5054145146222382,9.589890639172086,51.633733481750845,18.812962690003012,-58916100.0,58.929979505533815
HAS,66.20992473602296,73.57883840977091,-0.691324310733421,14.01231568885674,51.668061837289834,14.871770424929377,34241000.0,32.67260645170615
HBAN,15.871154327392578,16.606564794992803,-0.16947914368524408,11.39347650043197,49.58748836025031,6.874194056856031,160901100.0,37.91403124794235
HCA,356.6333654785156,388.84203575795186,7.755060800626154,14.714487917211272,56.53167064760846,10.015415187293875,30470500.0,62.89108619454621
HD,378.4512358093262,389.4941313433084,-5.768180154611855,19.447655195405726,47.65759585631043,3.868153456504375,-74332400.0,31.020599589605535
HIG,121.67836593627929,127.89686721285528,0.45261387185229296,15.197315484680383,52.367683149272594,0.5955617731675078,24981100.0,53.03204348032457
HII,226.22275413513182,258.27657137547425,4.735134568327737,21.559154928755326,58.92437882120268,29.062041546029647,14236800.0,56.87156131868469
HLT,252.6324243927002,262.0236203787303,-3.15602902584601,12.842095267591667,49.92677604348207,4.460035837461662,15970800.0,45.07844597082779
HOLX,64.60985008239746,65.99778392898209,0.4389658086926289,22.4123317000762,52.94164471608129,10.65957846148413,26270000.0,50.08477940506937
HON,215.51507682800292,216.32405413441677,-2.0662826757458106,17.55580338171975,44.394107414354494,-8.968982745793264,-25952500.0,30.50100036430809
HOOD,73.98794973373413,103.50227007455096,10.068443773760038,25.770198377478703,66.9580178423007,124.27184346162154,1584154500.0,69.5990221566025
HPE,19.660394582748413,21.735258325224702,0.6558493986208624,27.79734461220084,62.723058269301845,53.29740870865833,577931400.0,63.85597098293135
HPQ,27.487405643463134,26.880127720292638,-0.18891742182107407,12.081675877179459,49.88263315841912,10.608691530124581,-78757400.0,53.98300671079615
HRL,28.756090259552003,27.295689921663403,-0.6185921501298601,28.956641502925255,39.46067723868123,-22.210358984621436,-28598200.0,38.052876509804534
HSIC,70.38420017242431,68.70652868561443,-0.8925727362450431,5.51545951669151,45.75046890026586,-7.173660205445254,9402500.0,43.19244652464788
HST,15.596233544349671,16.241504578828476,-0.10319321824291094,19.04742919934752,50.290084211034845,7.438102096551136,-56609400.0,32.670384594678524
HSY,169.1231990814209,179.8492101408041,2.4338264133965595,17.960297749006408,55.357299902382195,20.195008329228713,34364000.0,59.47208325109674
HUBB,396.37008071899413,418.24208649194907,-4.6041951076175,9.468917757816206,50.61441244420948,10.173083991017084,-5952862.0,46.50847034803565
HUM,259.5202923583984,264.76142971827664,3.525669562423957,16.194837594396372,54.45947014986383,26.49384825065024,51813900.0,47.94923151333165
HWM,154.5680889892578,175.79406632330927,2.378381387191183,11.998603292169003,56.351843030222156,9.443888216413576,89506600.0,59.79808835541968
IBKR,53.62592044830322,60.60915719123375,2.2173271746270444,11.033037704659488,61.878185225205705,39.697713574196555,123632900.0,57.89737732306974
IBM,252.594541015625,261.9419995269903,9.509152204878433,20.74886160935175,57.52099214912699,9.957853871300216,90029400.0,72.58245241459042
ICE,169.65751419067382,172.8983075109486,-4.108533982463598,19.336522221157907,41.62028629852001,-11.172065178640555,-33916200.0,26.723607751460055
IDXX,509.21659912109374,586.4699975758859,-1.6529403608592474,18.639233109093798,55.53952920979989,22.134812530892532,6210900.0,57.37135092604758
IEX,181.01779609680176,170.72718242347088,0.6085472340782303,8.871402949828024,47.41397086029407,-7.078467072629735,-22947000.0,48.02901870362824
IFF,74.39168466567993,68.57739194811903,-1.2334371096139165,17.895402539664037,40.30972488758895,-19.595805795459352,-34507600.0,39.348459514187475
INCY,71.30009990692139,78.18126476631905,0.6877881331518694,29.721213712773306,56.3501591306869,29.765737510501957,65175500.0,55.40501726483965
INTC,22.739899950027464,25.83897568099555,3.3418854341095887,30.22297311891587,64.8611317250531,91.48936005747169,408183000.0,68.7695770485856
INTU,664.0831961059571,692.9430726751227,-7.375276903312852,20.682323730743885,45.18014943570462,-15.427269070921035,-10872700.0,54.54793505627414
INVH,31.510023994445802,30.572257270500486,-0.48851491768523303,18.244273185633244,41.49777281629334,-15.26043276331407,-73250800.0,29.825624831457176
IP,49.4774641418457,47.8699662170984,-0.3020437714513733,10.841947557493103,48.244943888904466,-0.6898089388217676,26427800.0,46.23361420245271
IPG,25.407890415191652,25.697442386544154,0.22162310950613673,17.399158313602292,51.95357881831866,17.53605893350214,87652000.0,52.340179922983395
IQV,177.12944999694824,181.70136549105698,4.6413819279555355,17.06435954495434,55.88142520150426,45.93816757199218,-2153800.0,50.881628230051504
IR,82.84837543487549,81.8607931478652,0.27862193430270565,8.957099027344608,47.258402116307636,-3.158839641821054,-24134400.0,51.85389656426923
IRM,94.91532039642334,97.330427523305,2.6733306307638856,14.593664046364777,55.15693410608017,7.201170827048564,27267100.0,64.28947985408351
ISRG,515.6917491149902,480.90842093957644,-4.428050544226323,33.059899663236145,44.3941179935574,-19.796123662356624,10848600.0,50.21216717266947
IT,396.7411501312256,312.26911496097017,-2.8631083186842545,40.11524208860469,36.33844793435239,-43.12101420651312,-5055600.0,61.83133097899371
ITW,250.3350336456299,255.5635582019812,-1.7878360611067592,12.725631677610481,47.59386873629459,3.5848910068821294,-20107900.0,31.107001499762436
IVZ,17.396090841293336,20.076834878175546,0.6300790783862524,33.27292751348753,64.76795392401387,67.8409117013356,180087700.0,63.74390593100608
J,132.4680015182495,141.74859199858136,2.6211678267309253,25.66161663266717,59.468127875254304,25.496150912490933,1021139.0,53.327062436587724
JBHT,148.47135852813722,142.67123815783714,0.3069820184753951,9.058110825914559,49.80658427628601,4.69709316750706,-13774800.0,51.338981875124986
JBL,178.3080902481079,202.49241735168638,-2.6309568297526766,12.152389807864994,51.681585854234655,21.881537418734666,49462500.0,56.08914601085965
JCI,93.69556064605713,103.36535629786786,0.4103706710178159,8.373637663559963,54.92772634593075,7.731210141820766,75472500.0,39.77508328664787
JKHY,170.8959703063965,163.98419287068,-3.320918756927284,25.82980048903651,41.5446463199735,-16.916912038700083,-4504200.0,38.70725470028151
JNJ,159.2140754699707,170.1202541333962,3.9323224337961165,26.234444030402567,64.52617149064388,23.862648039061995,290043500.0,67.97190459370233
JPM,267.28081436157225,288.884657845826,1.8417921576657932,15.043335024620028,57.30364082738092,16.562570838816583,331307500.0,63.76134785195935
K,80.19983028411865,79.87002479782647,1.0766060166483697,24.005473377368183,59.215914264462775,1.6302955362167637,32500200.0,56.698349493243875
KDP,31.781888599395753,30.13668787815514,-0.998596873398224,31.84552739314529,38.404238999220176,-21.005055897445402,-325949400.0,38.40843920944524
KEY,16.753718314170836,17.857280685517303,-0.09757491700378651,10.668121017996643,52.41489924898779,16.294713462380695,60394100.0,45.52444880912399
KEYS,161.84825004577635,166.05325342329112,0.8795305462894873,11.390154937032495,52.71338020983727,8.044964286474809,17896900.0,67.06492281411329
KHC,27.563628034591673,26.822237863066903,-0.3799738858000836,11.210029703522288,44.934517939212796,-4.5899496480201645,-71173900.0,47.48388751786511
KIM,21.08788812637329,21.454694855090132,-0.15002727424848317,8.836060858979812,49.46190070735668,2.6280315497296147,-65055700.0,37.68895152445619
KKR,132.36097862243653,135.42664959668934,-4.5875838487269505,11.60435465839913,46.04607052137742,1.9291630581572239,-44275100.0,35.3870487943496
KLAC,806.3045608520508,919.8085814841559,39.187004285994135,21.88991742178235,57.947376730335264,38.47157049232672,29348200.0,60.031958759011935
KMB,130.54398372650147,128.1393702171608,-1.9807070563561808,13.69361658158176,43.297038542420104,-13.98748767831518,-40682700.0,32.641395712412745
KMI,27.125208568572997,27.32685209894843,0.22745413033335993,9.518686148001565,51.2316897455824,-2.9287342170283726,211417600.0,60.85647798629038
KMX,68.52799974441528,59.61369508479669,-3.9789155132769594,17.68408899835089,37.80818935277219,-31.2928306742555,-79539700.0,41.585574216215335
KO,67.76463333129882,67.94925351584847,-0.37447901234284586,12.31001921256837,46.9184570123273,-6.452063512273365,-152863700.0,36.04794823603905
KR,66.71409019470215,67.92221650941791,-0.31885085781837574,12.312937983606092,49.96284142064347,-0.4350501584397537,43423800.0,49.3643360240785
KVUE,21.244754514694215,19.867011688919295,-0.9211206379820851,29.520448052686557,41.156126220542276,-28.172895105780327,-255462300.0,35.43904804192269
L,89.55002319335938,94.31804841080464,1.7551440496187922,17.60574453782006,60.68239948536741,14.092978005465739,26822000.0,72.19753955259564
LDOS,154.66352294921876,172.51317462897313,4.5068235005433905,22.07931811305955,62.06767025075555,37.66043546870592,13270300.0,64.54994240125461
LEN,119.17544628143311,123.87007383237348,-2.2883637333670066,18.340719372446546,47.552636673390516,12.76280884147627,-85195785.0,34.28297650398815
LH,250.71233543395996,265.2341138026852,1.1223680706979167,25.173884766892616,55.078264098201714,12.365515570581852,11042000.0,49.706228468756294
LHX,237.75937141418456,267.7578128563716,6.928531850428783,30.154793803151758,62.11326580959579,23.787661871319287,16882700.0,56.69856360099913
LII,579.9191416931152,568.102509582102,-5.081135117917597,10.436638020196321,46.7283379526037,-2.6953697361148277,7890400.0,41.770996898164185
LIN,456.7237847900391,468.1147388760424,-2.6327925525584988,6.2404539791414235,47.713418269288056,-0.749676756893547,326700.0,54.161798035653916
LKQ,36.625475797653195,33.481803356463445,-0.4604947927793219,21.02917671781853,41.29735855745802,-26.228017536043758,-35707800.0,45.69841570085423
LLY,782.9711093139648,764.4071311222413,29.347343026563408,14.518680491465197,55.54213184734343,14.737751071783523,54227600.0,63.35506905281496
LMT,457.842654876709,465.99828772482743,14.070578839777738,21.667046226734104,57.69952595820046,6.817675222208863,8397800.0,68.11019831320496
LNT,61.759918746948244,63.9871227560044,0.801163699666958,15.521770374080193,56.04695445019778,9.180914055321598,54004200.0,61.87402234453455
LOW,237.26630073547364,244.60497761786877,-5.324240212985757,22.732166893675956,47.09975816570757,4.610709526721446,6632600.0,30.68917162999865
LRCX,89.36035074234009,106.82682941765563,9.170440279874384,25.92278525779835,65.16233820566096,71.71431937541509,329083900.0,69.31473769382758
LULU,279.1419496154785,214.89640405247584,-2.944978964181587,21.926575465079203,41.07877516291575,-46.28270965466709,-23372900.0,44.87967950646485
LUV,31.307482357025147,31.93273501926918,0.0818969407572041,8.245854676892444,49.85233071835027,-3.2278693489388943,311531200.0,58.03746593751256
LVS,45.466563034057614,50.29079302363247,-0.3273227317928047,20.71195466078012,52.519614688792615,26.75410085513501,87136100.0,48.724449467527684
LW,55.06445446014404,56.30683874597336,2.199500010060973,17.22887498987567,57.37236269166412,18.52921568317192,36292700.0,64.13701697709254
LYB,60.51317417144775,55.26777983307327,-1.4970744949696382,14.484268530613248,42.50004044147719,-10.345761742955206,-115724200.0,33.79939092989581
LYV,144.26049945831298,154.29277357285395,-2.8277033222395005,12.639127117833661,50.3231245864176,10.249005150102764,34225200.0,43.95010143204935
MA,555.6623550415039,569.6391359214492,-2.3476154166559127,7.106439612780227,49.65432569074696,-2.608277318308161,50456000.0,42.96289071273362
MAA,150.48338134765626,144.7733203185584,-1.8599984141266077,15.15512181460587,43.24286998527581,-12.459099465960088,-4409500.0,38.98195989408809
MAR,263.4347974395752,264.83588816784453,0.43543770074722943,5.199368941356355,50.580911336854264,2.1470751389622844,19311500.0,51.96320640767891
MAS,69.0145085144043,69.70090814326262,-1.0386807357813268,24.01151606579382,47.770616116913146,10.390726244962178,-29880200.0,24.437696707593123
MCD,300.55023361206054,302.7493806852165,-2.9616518466155526,11.513973788098665,46.62304526931433,-5.501460631653254,10719800.0,37.48164690991238
MCHP,59.13245792388916,64.45647351015865,0.12475196369491925,10.456003613671964,51.15939519777493,10.527482956231783,-48398300.0,44.35112569908673
MCK,674.907275390625,705.0608272127578,14.922987597883662,9.9529159231409,56.35911605267954,5.142540489694802,26971700.0,56.34121319325184
MCO,481.74905487060545,492.0026133861933,-4.050338405260334,12.857533201989272,50.35676725437583,2.7961477870733775,-1837700.0,56.09133830501234
MDLZ,63.151197624206546,63.47698272880787,-0.15420813326481664,9.545582266426115,46.3000663199062,-8.279842090754563,88523400.0,47.40181860630489
MDT,88.08358921051025,91.3617276507471,1.19135055765382,10.483558072759958,55.795913615221735,16.19492017991202,194635600.0,64.73211770191092
MET,78.99184215545654,79.24303753475539,0.7704516355504012,7.948697857905688,52.96307602939899,4.9911446283567695,86850400.0,49.47411975558751
META,668.4560557556152,716.7911703004909,-9.30289268130241,14.437122707896728,52.18339597852314,9.490207282742702,99133100.0,41.742247933277724
MGM,34.037949895858766,35.23923673689344,-0.891135929571476,9.231875875614517,45.9266827630597,4.106514865295119,-150210500.0,24.809671171931708
MHK,116.2840502166748,122.44908077795762,-1.896300525942749,17.939517221020488,48.76486120905434,21.41551139214677,-3721400.0,35.83817295754053
MKC,73.73191501617431,70.40026852745117,-0.5888495991445808,16.10067712281616,44.96269867707861,-9.438658200923722,-27824500.0,46.67205607411577
MLM,546.2681829833984,589.6079397493618,6.538460311325252,15.164867080962496,57.24734548611876,17.181113204117125,-2043000.0,64.64030287674042
MMC,216.403935546875,207.76473486939202,0.4270272813943734,15.83416379803765,48.26559181046707,-11.4769542925666,21979600.0,58.16517708878022
MMM,146.6822304916382,151.5187890253246,0.178826817012947,7.87039315385986,51.01058429631406,4.908745676332837,31003800.0,50.146789379340504
MNST,58.76049993515014,62.78920499919659,1.3306545447028952,13.345351823492912,59.50853196725213,8.146634496432492,138960300.0,74.26495184391885
MO,57.31107631683349,61.94726059526025,0.3582651132449257,15.92356157557102,57.81229737143786,12.057992978530695,294619800.0,51.44683928588499
MOH,264.1038005065918,214.18632556209081,6.068502049081928,19.44214456071801,45.95690643934805,-32.61812796445655,-13595600.0,57.99336324807187
MOS,30.612974014282226,33.3259249295139,0.28311375532900485,15.251991348301976,50.75625704288574,-7.935213810954577,52052400.0,50.70738340566283
MPC,157.3131010055542,173.0933100622155,3.349018429962115,27.008831697704647,57.130971555414334,18.80573096809519,74313000.0,62.99316423144513
MPWR,697.8847344970703,803.740378071565,31.790590767648496,24.171371637859988,60.0843784461691,47.01936337553732,-5565300.0,61.2503202538607
MRK,84.0816752243042,82.7993255446706,1.5559919094198449,10.907428661652357,53.25510802013608,17.047956003325847,-112045600.0,49.8433389036144
MRNA,30.113824920654295,27.839923579392167,0.537042728837811,9.469858505477644,48.67634004157922,1.7744970910288371,-67418100.0,48.36499984734116
MS,132.66673076629638,144.5458203127088,1.4225087000341148,18.93253343908443,58.560887071275246,22.551150029416277,185789500.0,64.32987082752763
MSCI,565.0433750915528,563.6711843135137,-0.7437048783031059,7.848815130972664,49.270013801740774,-0.72987607170093,5274400.0,44.10348477838683
MSFT,452.4447373962402,493.8176679671046,4.064975730495121,20.260601594709076,57.38212296867954,13.2668329210059,566179600.0,55.94023640675625
MSI,438.1847914123535,449.18539584352425,-2.4344804434405205,14.473954611700176,52.37282507314179,9.712373778370843,11886200.0,52.13232802308115
MTB,185.4907741546631,191.64581630119957,-1.8679627963399525,12.22984068286677,49.1651527735677,5.226158655169666,12571400.0,38.692649385301365
MTCH,32.46290505409241,34.40658126165506,-0.9745335104977144,18.08681579807876,47.08985148093263,8.347364385845202,-27466800.0,38.251540614896875
MTD,1219.7223516845704,1245.133548329497,12.090639977840965,7.870194970889964,52.63433096573124,14.585537203830024,1417500.0,50.68434352072026
MU,108.22929103851318,132.43314658098564,14.81435340679161,30.64615508514883,66.48334700184999,96.20246780519628,529855000.0,74.8031995070143
NCLH,22.30099994659424,23.407903495902747,-0.3342162335692933,12.742776451086277,50.36471841447244,31.805324363145804,260999400.0,44.89615233200629
NDAQ,83.39990085601806,88.90357289346332,-0.9556549837761708,15.31938541280271,53.644346910421945,9.456889221138077,139406000.0,41.74425666426701
NDSN,209.8308946990967,219.2854726902059,3.03822789878447,20.599282214696377,55.171024412274384,10.980178777269645,-4227800.0,56.86885497711462
NEE,70.57032539367675,73.16259622711567,2.9126472131324164,13.526176943787558,60.14562850450713,20.252768889578142,112877500.0,72.18245805511647
NEM,56.076964683532715,69.2882721208702,3.351013450616591,34.717189082016006,64.8412421099143,53.82041512035669,181277900.0,64.15217542140603
NFLX,1099.6961483764649,1183.2055185493434,-5.717350680004074,10.228150239247041,53.68022365338727,0.9918100390511331,132799900.0,49.99324680759345
NI,39.41857339859009,40.98606402590731,0.6318766796386086,11.741748961325094,54.72459218863468,9.181552258042736,158532800.0,59.77940317931174
NKE,69.06343709945679,71.17514797590759,-1.151507803588629,15.093551286298638,47.50917423591724,11.115311487790102,-137179400.0,41.876794104031376
NOC,511.74292724609376,558.1592940837043,13.503587808394286,27.904378229377382,63.96074120838981,31.885024039154786,25473400.0,61.885616308287815
NOW,950.2891485595703,935.6373804094328,-2.7996151169265886,7.211203119416515,48.95045772370752,-9.30333407508318,-9867600.0,57.48331234531921
NRG,129.57611248016357,150.616722818688,2.676580400915782,12.531738236882246,56.64806671674606,6.438217332995988,70550300.0,47.24621703920667
NSC,252.03141372680665,272.6825307995722,4.902000836120294,23.672724791424567,59.28023817872386,20.822403824122148,32946500.0,66.02748225650333
NTAP,105.61932895660401,111.35069327515066,0.9219905380770115,20.644018152933775,55.767457569907876,22.93210583687848,6249900.0,48.94096478981941
NTRS,111.71150901794434,123.11222222119225,0.7468866969724104,12.69829108647706,55.81349356583816,23.90744974083361,37504600.0,59.252118319770645
NUE,128.03889625549317,135.75366533290628,-1.1145023244986874,11.562067212024592,51.24452398805751,15.709048977626061,11041100.0,38.56856044315704
NVDA,144.19493640899657,166.5269630369874,3.700482255975203,15.733369534927268,59.91649658851115,40.190884386855075,2720607400.0,56.121273549111706
NVR,7613.129497070313,7875.031736353018,-80.53259888702542,16.597241669568167,47.95055861476839,8.175444356510098,-593700.0,40.88164058131407
NWS,32.18602536201477,32.84765136384435,-0.6968596866077519,11.529659458188224,43.36430370601652,-8.245566373451707,11471700.0,52.457605879127655
NWSA,28.234389123916625,28.953924512490815,-0.622010630817524,13.320220021925072,43.94157327703932,-5.447845230830007,-6913700.0,48.546866000164364
NXPI,210.05941932678223,219.39283697535498,0.040927576680303446,7.38013492646708,50.68092990970189,15.905662842916989,-24491600.0,46.521259155669654
O,55.458600273132326,57.62967262978841,0.24716268563645372,16.028801795611255,52.33596085679375,5.614604014440494,-26524000.0,47.855212033188174
ODFL,163.7299528503418,153.28840659145382,-1.6957983847361788,11.176268909866339,45.50612748048064,-11.382564593189691,-18325000.0,33.819252332968894
OKE,84.67093589782715,77.48039746365045,-0.539764368317563,20.525913288218067,43.44928966603312,-12.5498439052245,-1024900.0,39.61677738237464
OMC,76.67224796295166,76.2400034217516,0.6222370190695585,13.069797758913065,50.822331242844356,12.17666258782424,-2469000.0,49.35316241391145
ON,49.443949966430665,50.61969429187329,-0.15537094214673886,7.088163349581501,49.406229172177866,17.46591477496604,-72526300.0,39.341728174259366
ORCL,195.6284027481079,242.65546641028132,6.608295098477356,29.22210677297919,58.68375173173559,78.9682549170458,309386900.0,53.60572910212987
ORLY,92.94202354431152,99.12492947814891,-0.4685277377423205,18.945816256756782,51.532605849126476,9.128313539450206,53287100.0,40.89181708016443
OTIS,94.10058528900146,91.50572734199089,0.6048092802733152,12.421907811022127,47.69970436239726,-4.306826696421073,79136800.0,57.82912026798863
OXY,44.9158448600769,45.00563200024714,-0.1875334422113184,9.24646718065218,49.221720688007835,8.60951835342636,-144288300.0,39.63198681814871
PANW,188.22389991760255,194.26790840379192,5.416022097866943,14.452129990849574,56.831327819072655,10.422866414337273,66126300.0,75.80089471789695
PAYC,222.61474723815917,222.50953493172526,-5.5046619598131485,11.843282361887681,45.278881196484576,-21.81732550760973,20477700.0,42.081693185659894
PAYX,143.05479526519775,137.76592034083353,-2.8045869625297826,27.467959234010916,42.012343468987154,-19.898564204144897,-36725500.0,39.04238392239802
PCAR,98.4256848526001,97.86577362071343,-0.7200833951219465,9.032714835384835,48.35334605484839,4.100685934648829,-40094900.0,36.77547201365518
PCG,15.897234530448914,15.332007581486542,0.34797638007939824,11.488187060647006,53.196561004080664,-2.125370574515506,79973500.0,64.53887034948383
PEG,81.5985103225708,82.31918559428578,-0.24263789545534564,9.444297261107407,49.06286335116876,0.9696788913423848,46564300.0,58.718561659663635
PEP,139.99231407165527,140.8871763544963,-0.4754790629177137,18.179398605903074,51.952351649324605,12.84772607497413,-47729500.0,48.35197881504678
PFE,24.263880014419556,24.553877787113365,0.4254561813822235,12.816691183005187,51.724455248360734,9.443833346014774,491079500.0,51.20909466890454
PFG,78.67104629516602,79.70085709781715,0.8434613951469316,9.986128467130937,53.102955116117066,8.486838806066066,1548600.0,53.9688778390251
PG,160.72590545654296,157.04445519736768,-1.5118367412875102,8.314692785351886,45.14274993192202,-9.637763981252178,116662400.0,38.63342258978884
PGR,258.81758850097657,250.98280345643414,-0.7073383818296861,15.799300457446924,46.52610164816043,-16.06555119334575,-9620900.0,49.144562756583866
PH,674.7314865112305,720.5962808481758,0.697542970573295,9.563769115968913,53.03326158114841,12.145290663790643,13427100.0,58.109151146166994
PHM,111.46729740142823,122.30630478559961,-0.5043553089907675,21.766265040682285,50.0793326125119,24.93099864317154,-33806300.0,35.63126628985384
PKG,201.7991805267334,205.26478381713486,0.9092846406826425,17.752375129827193,52.83941977952039,11.312371311450509,-3769100.0,45.475794097188135
PLD,108.35325206756592,109.9597519091845,1.3109892290951422,15.67320304250369,53.25278937870323,7.193399925642274,18994100.0,47.2079911998542
PLTR,123.7317501449585,154.18078734988893,4.602498605846819,11.643105338108148,59.10611449287695,40.46501866959855,2635543800.0,58.29788550366251
PM,156.75852592468263,162.93654806195087,-2.3848841480750593,13.607486956307984,47.61995378146759,-12.713623720635281,246067100.0,45.21706080367176
PNC,184.05192230224608,192.68751879769547,-2.0456924918148616,17.822454539283274,49.96126010323805,10.570538093625114,12685600.0,40.18473689120519
PNR,98.85183815002442,105.15573192453323,0.7552802726286387,15.824067035334073,54.38335477574101,11.773406357104864,-1573200.0,49.31584370246432
PNW,88.9170276260376,89.37412598878169,0.6756134348074738,12.390355511566517,52.62843080411809,1.8313620723073187,23775900.0,51.20914815847826
PODD,291.1038494873047,310.3871169968665,-3.968032547290079,19.340983086404048,52.8169800501416,-1.4215369591346172,9101000.0,52.03761239191876
POOL,316.69166030883787,312.7035683714719,-4.27163923834587,13.786107046397966,46.810703432463875,-0.8787076317698927,-10855500.0,33.237150311703076
PPG,110.43037330627442,109.18174648924416,-2.210687545900214,8.280624864610418,43.18793744851914,-9.138533976207174,-14990100.0,38.97572002782784
PPL,34.428536615371705,35.529894643130476,0.3188847117977289,10.638799214903178,54.827314194942886,8.083071150714938,131654300.0,59.41504168724663
PRU,105.69813163757324,104.69214510685599,-0.629407075267153,10.665531982470858,48.28716128882562,0.2656871276559558,-5366700.0,37.30230625995027
PSA,288.7709008789063,288.06744513473404,2.0817380248106474,10.291720573657356,51.51441612212726,-3.1353531348051744,-3492000.0,50.85701440133127
PSKY,12.601904845237732,14.871912601882462,0.7354361835520926,40.604407228819134,58.0798153590153,51.541320842166186,363351500.0,69.5429331462744
PSX,119.55056640625,126.09702665389712,0.7443708897199883,17.110073467669864,52.98774223011111,15.84111249140574,-1265200.0,38.566837942013784
PTC,180.38744956970214,196.11083640628675,-1.2035423723319525,16.107058004866207,53.41073083990631,20.971514974934415,-830700.0,38.958404322789576
PWR,336.718596572876,377.9581016389954,12.536679484727927,10.506743534793817,59.47532830325405,24.48629897914587,15524100.0,61.060495664464696
PYPL,72.70640022277831,70.6026409722424,1.3826312171732127,11.559504796931067,53.94090729471803,6.795431656684348,3998000.0,64.08703403761426
QCOM,155.13653411865235,158.5361542988531,1.8653985939228903,17.286997146505914,53.23685768587727,14.30371786558402,50044800.0,50.98565382097059
RCL,269.4282642364502,308.57544193609573,-6.352312081464959,12.188336458382,50.99802775666787,17.894011452519855,61859300.0,37.089151390390874
REG,70.69264385223389,70.95584232891883,0.07064487604930036,10.545009697672423,50.84767232813229,1.0981845643854182,-14493100.0,49.32392236609678
REGN,604.280002746582,578.3206672468204,1.7201561625337263,7.905773332741588,48.17932234316279,16.29049776697393,-17285000.0,49.011796950085085
RF,23.209785737991332,25.00983587208481,-0.22509091243031065,19.81750419286157,52.11183184578625,21.067111141968997,96577100.0,42.79896002373958
RJF,154.31468097686766,161.76842787030887,-0.530801479014201,11.510195941626437,52.27426796824479,13.57815073137143,32993300.0,53.1390465402268
RL,264.2193550872803,290.41025313681166,5.710781509366825,11.888901261701495,57.75012332536401,17.780330123781106,3719800.0,64.55272011642406
RMD,248.54955238342285,266.58710168916383,1.1818018678759472,15.935344786357103,54.326742513620275,14.108744504201386,4753900.0,57.02975445785064
ROK,302.90516921997073,331.5708838604708,0.6499454455873206,9.57993379311055,53.770429925497176,8.458468026927136,7972300.0,43.304592648639805
ROL,54.090779342651366,56.39008582073887,0.28776136185145873,7.715915960553771,50.81465108113514,-3.1244834925610143,44462100.0,47.86492712852944
ROP,548.5677494812012,531.907685536743,-2.3822317577601098,23.4277798650388,47.077078887070996,-8.294146856265684,4708200.0,42.75962455722801
ROST,140.63155265808106,144.13690602787955,1.3287326120840248,18.718131308876124,53.710188902080624,5.892066053039069,-12204000.0,57.48844656097754
RSG,232.7053670501709,232.5951573449552,-2.0111865100498676,18.778696870783683,44.707306386932565,-13.655408397809444,19298100.0,47.5678696704683
RTX,138.00593090057373,151.77767850422623,2.7038887908759364,12.454041826806854,57.57829553973377,18.50301669803742,144261300.0,59.02451228629268
RVTY,99.92630542755127,92.15584010911056,1.2239500834722463,9.75990861317186,49.11107363691785,2.695008204703786,-20000800.0,56.311472544251494
SBAC,215.09639541625975,211.1747938848044,-4.7647537461015474,24.83944698308093,40.83672045349326,-18.45194723278332,-2535400.0,41.360234999314
SBUX,91.65704364776612,87.77758050216919,-1.3548354081365943,7.455690293425934,44.08281897841484,-5.732602819550503,-122847500.0,38.001469962093445
SCHW,85.41296447753906,91.7542653180443,-0.17547504928697322,12.084909666489644,53.1696849744429,7.00851056809193,300855500.0,48.282604580726094
SHW,348.25718017578123,350.54367227590814,-5.433515350649316,9.511941304727593,46.00112707697038,-6.04837183080752,-18533200.0,37.58485294942556
SJM,107.28293670654297,107.92551182847686,-0.6106708521090667,9.458347003610731,48.25238371077433,-5.20717350204607,-14672800.0,57.95516603659168
SLB,36.22721367835999,34.915987915605314,-0.24557525972002026,6.555076998604722,46.54205894268138,1.0092867547207174,-462490900.0,33.76307629941401
SMCI,41.65320014953613,46.01733465440299,3.047564214624579,13.950557920580914,57.317742502450976,40.728151622732376,562623800.0,63.31046391901079
SNA,325.99944137573243,328.1604623303063,2.580156712105179,12.385428959363384,51.612408964038295,5.533049843546101,-4940000.0,60.516446412054314
SNPS,505.07910003662107,525.1672491939471,-15.60854941034114,20.035857293264538,47.30806680210224,3.9171961824974177,-3833800.0,57.36425609000918
SO,88.86474304199218,92.05025682913673,0.8918160534112616,9.240700944079544,55.9901908060471,7.729815308483379,119861300.0,62.02395870576124
SOLV,72.63870002746582,72.84164503645357,-0.09215426201851074,7.631169364702418,49.13171480860656,-1.805251155964871,-11923400.0,49.8553154807421
SPG,165.5326132965088,171.49933098279047,0.9356077063886232,21.128410348079104,54.59448406642801,12.544743669677572,14303900.0,55.00463370650106
SPGI,512.2339923095703,518.7259770536383,-14.910138065406898,21.14134604712755,44.44488281855089,-4.893025811733476,-4641000.0,36.95035514751152
SRE,77.40984489440918,81.31263530463139,2.9442785601615924,26.22348846633512,60.54160812011451,19.331078865220807,15557800.0,63.88806751570354
STE,229.53952125549316,238.7836563898417,-1.0176679971488056,14.447764817597804,50.59440864171301,-0.6077318003677723,10465300.0,44.4871910776464
STLD,127.76327838897706,132.37547417999508,3.642499492830069,12.05608400497624,56.61465907060727,9.70547346479158,-11371300.0,58.01954928916172
STT,99.1316541671753,107.63450887955034,1.4204031838784488,22.05772456541094,58.87576166056721,23.594559274479842,101257100.0,49.842028480005304
STX,125.61001720428467,169.674514559929,12.892442511417642,42.90041332586442,64.23113859795654,87.64564516783113,81995400.0,60.65356557522716
STZ,172.3732869720459,159.11456826662206,-2.2744163413474325,23.888042552080908,42.599961863968446,-17.434561585112828,-57498600.0,39.741339605034845
SW,45.65295642852783,44.27000879365325,-0.7260911585668879,8.735063740622628,48.3944590420449,1.6354444898031506,3856400.0,43.16598992694153
SWK,72.72331230163574,72.63539928708639,-0.6803505841834436,16.45726743639614,47.65264114126427,11.686586198200132,-90513100.0,38.60213290827363
SWKS,72.04121425628662,73.90909485831028,0.10541241947086633,13.593573861276173,49.82530926906884,7.799139607548544,1576300.0,50.240015984788634
SYF,63.46616430282593,69.21222892563964,-0.8877362552075141,14.916147456354347,53.00905890239128,22.654177159392418,89743200.0,52.50158082505091
SYK,377.8289120483398,379.5557363973596,-3.6765009342768167,15.191232045339992,47.83355049396244,-2.369292611786411,-9965100.0,41.23865559965037
SYY,74.61062480926513,78.18341289143652,-0.14446821082589167,17.41430532656505,50.558997565012284,8.266159547716612,57008400.0,58.807535128902074
T,26.613691873550415,27.7633170309946,-0.7157721755369941,16.298028546340372,45.37397384273598,-5.618355947866038,1207101000.0,38.8991877147842
TAP,52.95820680618286,49.594177649998336,-0.7743228694239335,19.437334515287144,44.39472462097864,-11.34444618160031,-16466700.0,29.97519425984979
TDG,1305.5787115478515,1324.9875198319346,-7.5495924572467175,21.483531966265367,46.891865003793356,-6.2340966236067334,4003900.0,46.262484302726946
TDY,510.0518002319336,539.9565060796552,9.49374195166024,12.727376882380847,57.504638504521566,16.631598784236566,3770900.0,54.5743004234447
TECH,57.590172843933104,54.860731923413404,2.0151391599518433,11.268577930951635,53.41432615413155,23.409867853167455,15192100.0,66.31558252133682
TEL,167.50723670959474,194.34879391698902,4.178638123322088,32.14308864203177,64.68435922197384,39.64557431005695,45530000.0,62.43226226770874
TER,102.6250775527954,111.88517072055119,7.904713964506726,26.205768346917388,62.890047889735726,82.83568115532385,24147000.0,67.11652955231887
TFC,42.274589443206786,43.86420938386716,-0.14337891254385227,10.938624993581891,51.44024031911888,14.181970664753107,-51674200.0,46.05734389813808
TGT,104.82644046783447,96.91390598224186,-1.259267369548752,12.336016619123164,44.12336689333587,-3.486641323730022,-228983800.0,42.27765157027239
TJX,126.93518634796142,133.29749264875332,1.080522638693111,25.927667730782904,55.34891195689235,8.230580446294343,67811200.0,57.840466668746714
TKO,165.1111767578125,180.53180946877072,0.8905535989238444,14.395897546025536,52.824081369127505,17.5854475560447,11394600.0,55.21885270654252
TMO,477.34873840332034,473.87257024089445,16.219895967222442,14.143596768070976,56.86291653564353,35.12110264977937,-29956800.0,53.84341691330216
TMUS,241.4594199371338,239.88201014234582,-4.639104603945896,11.757792423682712,45.46480159896116,-6.6044197420639055,73981100.0,39.82138567665309
TPL,1153.7954119873048,1005.5954412122318,6.447727867755816,14.557986495644545,45.79723152284924,-17.90657342256804,-1955800.0,48.639008220495406
TPR,85.444637260437,99.36479104237775,2.511848525300337,20.20845718084765,58.71665198532081,45.64166320368261,233787500.0,66.41573969035846
TRGP,175.5567153930664,167.53654533389457,-0.24651175074572507,7.037405490385854,47.87415644524907,-0.049573570847749604,4439600.0,44.43453076667353
TRMB,73.79464994430542,78.39322002754263,-0.35145086455888475,11.315316561610974,51.604010971756445,11.787135142819594,58094600.0,48.28570342036075
TROW,99.20446811676025,102.07041919311632,0.03545217288406377,13.269753530851032,53.52711292592094,18.025492931522336,-5101800.0,32.97931568158137
TRV,258.6646586608887,268.5760388907866,2.3147009427532907,13.570830620793563,52.60308283251395,0.11376530078162084,-3925600.0,58.67529683957321
TSCO,54.590922374725345,56.757450435815485,-1.4168959611516598,16.964525071043685,46.989506573057106,13.713269663483185,-19351000.0,20.441986010053466
TSLA,334.89634971618653,360.01030860636246,19.768587806163055,21.30800497973017,57.63192601669278,27.09446013657526,1756099900.0,60.73671528292813
TSN,56.1833872795105,55.18570740689577,-0.5813555921653517,15.988453331439423,44.10100330639285,-7.329624979833238,-4460400.0,35.67473178034069
TT,393.91473220825196,415.6396065786405,2.031854533123635,12.079193051292124,51.095884613440624,-2.288270058832198,3087500.0,45.97875204481279
TTD,73.33989999771119,62.056289792522655,-0.035156384533998164,22.190102160210245,45.04264041055631,-27.658148213112455,157736500.0,47.14011679510068
TTWO,221.00795013427734,236.43900226307312,4.813056568955346,18.420990371333694,57.757755458851015,12.781193127323597,44822700.0,59.876478005978164
TXN,184.86891090393067,188.36167404432658,-2.5887704860194276,15.194620527128587,46.90265668449556,-2.1478163036037334,6543200.0,33.03420797625773
TXT,76.60428985595703,80.5444490009393,1.2122166364356275,18.01770596772026,54.264087574447586,15.1670892980029,3147100.0,63.27833545229685
TYL,571.5603987121582,553.9106417566502,-13.768939160173318,21.00786970578954,44.104806856359595,-10.316613945051067,-3036200.0,42.59734481699311
UAL,88.79630016326904,93.66225088701327,-1.1342336186867072,16.56757252051001,54.65646277694606,24.756853563813742,193644800.0,43.3588070205433
UBER,82.6150500679016,91.38805309777717,0.8769610187327714,8.375937417626364,53.26229855717439,14.777619201993053,212453000.0,54.89166953860831
UDR,39.988940448760985,38.49678563595524,-0.5892663162711358,13.634002170555398,43.453771971765335,-11.60058507478887,-40299400.0,46.0618478272737
UHS,181.4066869354248,185.76180287503067,5.774881388531952,19.126413083045666,55.41981818921802,7.7074921270016805,15267100.0,65.80597492821579
ULTA,441.3635008239746,498.50567694763583,11.403509314295093,17.833778757515187,59.176419894593245,17.967968603745078,12779000.0,46.15459081730518
UNH,394.2056506347656,337.88658231054455,12.898457897447088,20.69938779526665,52.87988082037251,22.288116222807485,-74804600.0,68.05122381715842
UNP,227.08903144836427,225.43348723785752,3.397275983210335,11.824954634348108,52.347262259879436,6.439771713833942,7688500.0,62.41654514426712
UPS,99.95472385406494,91.08873503360897,-0.07034092907564116,18.952223384352084,44.255906877993475,-10.753348719539835,-158776400.0,32.789551621215224
URI,755.9922302246093,867.304477241372,15.556270543895835,23.955396431050893,59.68935487482906,42.132327561073346,10999200.0,56.70628265297836
USB,44.40988634109497,46.23386311030504,-0.09407138852844099,14.428509222609499,52.56148106642462,10.342070748432587,142426600.0,43.529359299568036
V,342.83507751464845,344.68755475329345,1.48691327370733,11.38314282406563,51.04084122135536,-4.836675222194486,134032500.0,53.474702379058435
VICI,31.030561027526854,32.06236055870584,-0.2111336235394532,8.590146558026419,46.69942746007803,0.22094037411219958,21205200.0,37.58520902943516
VLO,134.60885097503663,147.58149871404035,2.5005039000484715,23.907431718883092,56.62751865381354,27.30653983518534,26178600.0,58.5476340961765
VLTO,100.69915859222412,104.00899027676721,-0.48621091883124734,12.589638907520456,49.087768610633134,2.802167057580496,8912400.0,42.63954454861979
VMC,265.8170336151123,282.7898989233889,3.387906246885052,15.333656736657229,57.006133236417625,15.195855866646424,20651500.0,49.31177084657986
VRSK,285.75903030395506,272.34979367617484,-5.181815163414541,26.359391592082705,39.64384197641738,-23.646874634214743,-11116200.0,36.30818468447922
VRSN,257.2122763824463,272.49723544395135,-3.0971999303918665,11.302563476843796,47.555924326127844,-4.664759201708035,24770700.0,48.71812097406943
VRTX,444.8804486083984,420.4340960891046,4.1226961054040885,17.117319258236126,48.50072992291263,-6.863032985403383,-2628300.0,47.17405438233261
VST,165.79000286102294,188.3664530063669,1.2849297904128605,7.450716418963547,55.43982196440825,25.689692065478354,108368500.0,49.463511404589326
VTR,64.47151430130005,66.53805340949032,0.296720827194747,9.456087199893846,52.372772909569456,7.172944710093843,74034500.0,54.00944550124008
VTRS,9.479775321483611,9.65872211277791,0.018168670931993702,13.758975624227357,52.525415994809975,16.264855845893766,136913900.0,53.690101557364045
VZ,41.905332775115966,42.90153997520962,-0.5606034956913106,9.62412130900269,45.49875333397027,-5.917945087465048,-189673400.0,35.55908935915622
WAB,193.59622428894042,195.5365742775475,1.5898179302948847,12.828066615024701,50.274437442547956,-2.903933215057286,1960200.0,51.132880550679936
WAT,343.68775054931643,315.98591473539597,7.467023207709872,12.86053014641477,51.68510256857982,-3.8495055722463367,-5730800.0,58.00889908756517
WBD,11.412550008296966,13.864204248327765,1.0216428114640763,33.20956478212708,60.40972198099473,76.70000076293945,2087867300.0,70.95563485427073
WDAY,243.62710052490235,236.05493348772688,1.8325259863158578,9.521924242767856,50.379892115630895,-3.846619083469982,63333200.0,52.5179064116194
WDC,61.041892738342284,83.11425228981005,9.102023446552636,48.8857151882034,69.4899516019491,130.04912326799496,373634907.0,71.69787600503041
WEC,104.34705532073974,107.97447333915484,1.5378941333551381,12.389000587963743,56.65114031690348,7.07131476787124,44312000.0,62.44403783415523
WELL,151.17660232543946,162.08238292295025,1.288848663974619,21.063736400945498,54.06882041075285,8.23985783937693,71675500.0,44.825878196051086
WFC,75.53993419647217,79.00566515651235,-0.2069066614259043,10.96702263339996,51.86256911437963,7.5472800752549585,501356400.0,54.46887984063243
WM,223.79311073303222,223.58750370326365,-0.9330371553625696,13.268233959756317,47.09527163890749,-9.498385501099015,34113700.0,46.3474173349488
WMB,57.5211438369751,59.060141716560224,1.4645493262744225,14.188381958932363,56.39171377859675,4.733683076960493,47156400.0,66.7258466489848
WMT,95.95782062530517,98.96814585049331,0.4525772707175406,10.688529776832793,53.72759170188123,2.242855810269373,281869700.0,56.882767314339524
WRB,67.71729372024537,71.66608124348683,1.4512357697365132,10.842389278337505,58.80003419724442,4.085547090082597,47414900.0,72.8668116282734
WSM,180.2264373779297,186.3859170497086,-1.375169196875106,16.53350141037539,51.48477394794453,20.102951951496074,-25280100.0,46.641608986354136
WST,247.4223606109619,246.8136351108999,4.8827616977789035,24.63814159187255,53.991823825574556,25.984527965843963,-5622000.0,57.36632975921919
WTW,318.91975814819335,325.2217156112685,3.9418340960998535,14.321916815330816,54.16657279912231,6.9379290465674925,8975400.0,57.12756582203396
WY,26.705470037460326,25.62641626430293,-0.16222117005371572,7.023609313658485,46.47683740018874,-4.014828652417856,-8043400.0,40.342314194150184
WYNN,95.99607646942138,111.50661680018403,1.1615059940270243,23.214347255765876,56.32080679768667,41.0396908647711,5691500.0,55.77871285223196
XEL,69.27704870224,72.49700049212761,2.4729875516264315,16.373566679763496,62.50206724675004,18.425195256992932,133891000.0,74.0056476686027
XOM,108.12060001373291,110.50977557129292,0.5302547126950969,12.610744733088447,51.83435383913473,10.58774703359424,29530000.0,48.63057240100315
XYL,127.83527698516846,136.86078004746616,2.082629788269287,24.540658392492674,57.71391645901501,17.11788915276644,33156100.0,60.405599802461715
XYZ,70.22520006179809,73.0178983793509,0.9665981375553656,16.229051709886527,55.53406601059787,30.90997518037817,264905700.0,51.49969739725496
YUM,144.3914412689209,146.3186318115538,-0.02634622579887491,9.434765639667395,48.13590357305791,-0.8624270382485033,32386400.0,38.94740551996632
ZBH,100.48792510986328,99.32697079523196,-0.836276968213781,13.726164148643658,48.63705368954995,7.41024487804911,39408100.0,43.784377669080115
ZBRA,313.05979927062987,310.8266318147593,-4.2371769375785675,8.612937930084394,48.09299125321466,4.486647598693616,-5674900.0,38.59956075440436
ZTS,157.58804672241212,152.2858070608969,-1.6659540268526882,11.112463736057865,44.4617331786672,-15.081176702988387,8729900.0,43.98949583724694
